Klosterport 4a, 8000 Aarhus
Stadion alle 1, 8000 Aarhus
Aaboulevarden 54, 3th, 8000 Aarhus|8844|56.1460465|10.202725999999984
